/*
 Navicat Premium Data Transfer

 Source Server         : remoteDatatex
 Source Server Type    : Oracle
 Source Server Version : 120200
 Source Host           : 103.94.135.201:1521
 Source Schema         : UU8

 Target Server Type    : Oracle
 Target Server Version : 120200
 File Encoding         : 65001

 Date: 25/02/2022 00:09:16
*/


-- ----------------------------
-- Table structure for APPROVAL
-- ----------------------------
DROP TABLE "UU8"."APPROVAL";
CREATE TABLE "UU8"."APPROVAL" (
  "APPROVAL_ID" NUMBER VISIBLE DEFAULT "UU8"."ISEQ$$_85435".nextval NOT NULL,
  "FABRIC_ID" NUMBER VISIBLE,
  "PRODUCTION_UNIT_ID" NUMBER VISIBLE,
  "APPROVE_DATE" NUMBER(11,0) VISIBLE,
  "PROD_START_DATE" NUMBER(11,0) VISIBLE,
  "PROD_END_DATE" NUMBER(11,0) VISIBLE,
  "PRODUCTION_STATUS" VARCHAR2(10 BYTE) VISIBLE,
  "DELIVERY_STATUS" VARCHAR2(10 BYTE) VISIBLE
)
LOGGING
NOCOMPRESS
PCTFREE 10
INITRANS 1
STORAGE (
  INITIAL 65536 
  NEXT 1048576 
  MINEXTENTS 1
  MAXEXTENTS 2147483645
  BUFFER_POOL DEFAULT
)
PARALLEL 1
NOCACHE
DISABLE ROW MOVEMENT
;

-- ----------------------------
-- Records of APPROVAL
-- ----------------------------
INSERT INTO "UU8"."APPROVAL" VALUES ('58770', '2574', '6194', '1645380637', '1645380631', '1645380638', 'on', 'false');
INSERT INTO "UU8"."APPROVAL" VALUES ('58373', '2574', '6194', '1645380637', '1645380631', '1645380638', 'on', 'false');
INSERT INTO "UU8"."APPROVAL" VALUES ('63137', '2596', '6908', '1645381558', '1645381548', '1645381583', 'on', 'false');
INSERT INTO "UU8"."APPROVAL" VALUES ('63534', '2585', '6908', '1645381831', '1645381583', '1645381617', 'on', 'false');
INSERT INTO "UU8"."APPROVAL" VALUES ('64725', '2123', '6551', '1645383838', '1645383799', '1645388854', 'on', 'false');
INSERT INTO "UU8"."APPROVAL" VALUES ('65122', '2596', '6194', '1645383934', '1645383927', '1645383996', 'on', 'false');
INSERT INTO "UU8"."APPROVAL" VALUES ('72268', '2585', '6551', '1645523803', '1645523794', '1645523855', 'on', 'false');
INSERT INTO "UU8"."APPROVAL" VALUES ('72665', '2574', '6551', '1645524027', '1645524018', '1645524022', 'on', 'false');
INSERT INTO "UU8"."APPROVAL" VALUES ('73062', '2607', '6551', '1645524256', '1645524243', '1645524322', 'on', 'false');
INSERT INTO "UU8"."APPROVAL" VALUES ('73459', '2618', '6551', '1645525105', '1645525100', '1645525174', 'on', 'false');
INSERT INTO "UU8"."APPROVAL" VALUES ('88545', '2123', '5837', '1645608060', '1645608045', '1645628874', 'on', 'false');
INSERT INTO "UU8"."APPROVAL" VALUES ('61549', '2607', '6194', '1645381350', '1645380638', '1645380645', 'on', 'false');
INSERT INTO "UU8"."APPROVAL" VALUES ('61946', '2607', '6194', '1645381350', '1645380638', '1645380645', 'on', 'false');
INSERT INTO "UU8"."APPROVAL" VALUES ('62343', '2596', '6908', '1645381558', '1645381548', '1645381583', 'on', 'false');
INSERT INTO "UU8"."APPROVAL" VALUES ('62740', '2596', '6908', '1645381558', '1645381548', '1645381583', 'on', 'false');
INSERT INTO "UU8"."APPROVAL" VALUES ('79811', '2574', NULL, NULL, NULL, NULL, NULL, 'FALSE');
INSERT INTO "UU8"."APPROVAL" VALUES ('57976', '2585', '6551', '1645380627', '1645126868', '1645126912', 'on', 'false');
INSERT INTO "UU8"."APPROVAL" VALUES ('63931', '2574', '12620', '1645383136', '1645383030', '1645383034', 'on', 'false');
INSERT INTO "UU8"."APPROVAL" VALUES ('65916', '2607', '12620', '1645385652', '1645385635', '1645385700', 'on', 'false');
INSERT INTO "UU8"."APPROVAL" VALUES ('66313', '2596', '5480', '1645385975', '1645385961', '1645386076', 'on', 'false');
INSERT INTO "UU8"."APPROVAL" VALUES ('57579', '2585', '6551', '1645380627', '1645126868', '1645126912', 'on', 'false');
INSERT INTO "UU8"."APPROVAL" VALUES ('66710', '2618', '5480', '1645386387', '1645386380', '1645386502', 'on', 'false');
INSERT INTO "UU8"."APPROVAL" VALUES ('67107', '2585', '6194', '1645386729', '1645386715', '1645386980', 'on', 'false');
INSERT INTO "UU8"."APPROVAL" VALUES ('68298', '2618', '6908', '1645387548', '1645387537', '1645387595', 'on', 'true');
INSERT INTO "UU8"."APPROVAL" VALUES ('88942', '2585', NULL, NULL, NULL, NULL, NULL, 'FALSE');
INSERT INTO "UU8"."APPROVAL" VALUES ('55991', '2585', '6551', '1645380627', '1645126868', '1645126912', 'on', 'false');
INSERT INTO "UU8"."APPROVAL" VALUES ('56388', '2585', '6551', '1645380627', '1645126868', '1645126912', 'on', 'false');
INSERT INTO "UU8"."APPROVAL" VALUES ('56785', '2574', '6194', '1645380637', '1645380631', '1645380638', 'on', 'false');
INSERT INTO "UU8"."APPROVAL" VALUES ('57182', '2574', '6194', '1645380637', '1645380631', '1645380638', 'on', 'false');
INSERT INTO "UU8"."APPROVAL" VALUES ('67901', '2607', '5480', '1645387332', '1645387292', '1645387421', 'on', 'true');
INSERT INTO "UU8"."APPROVAL" VALUES ('40111', '1925', '12977', '1645203049', '1645203039', '1651433919', 'on', 'false');
INSERT INTO "UU8"."APPROVAL" VALUES ('48448', '1914', '12977', '1645259543', '1651433919', '1651434171', 'on', 'false');
INSERT INTO "UU8"."APPROVAL" VALUES ('60755', '2607', '6194', '1645381350', '1645380638', '1645380645', 'on', 'false');
INSERT INTO "UU8"."APPROVAL" VALUES ('61152', '2607', '6194', '1645381350', '1645380638', '1645380645', 'on', 'false');
INSERT INTO "UU8"."APPROVAL" VALUES ('64328', '2574', '12620', '1645383136', '1645383030', '1645383034', 'on', 'false');
INSERT INTO "UU8"."APPROVAL" VALUES ('71871', '2596', '6551', '1645521373', '1645521357', '1645521427', 'on', 'false');
INSERT INTO "UU8"."APPROVAL" VALUES ('87751', '2574', '6194', '1645595856', '1645595850', '1645595869', 'on', 'true');
INSERT INTO "UU8"."APPROVAL" VALUES ('88148', '2585', '12620', '1645596067', '1645596058', '1645596108', 'on', 'true');

-- ----------------------------
-- Table structure for CATALOG
-- ----------------------------
DROP TABLE "UU8"."CATALOG";
CREATE TABLE "UU8"."CATALOG" (
  "COLOR_ID" NUMBER VISIBLE DEFAULT "UU8"."ISEQ$$_79274".nextval NOT NULL,
  "COLOR" VARCHAR2(100 BYTE) VISIBLE NOT NULL,
  "PRICE_PER_GSM" NUMBER VISIBLE NOT NULL,
  "WEAVE_DESIGN" VARCHAR2(100 BYTE) VISIBLE NOT NULL,
  "IMAGE" VARCHAR2(1000 BYTE) VISIBLE,
  "CDATE" NUMBER(11,0) VISIBLE
)
LOGGING
NOCOMPRESS
PCTFREE 10
INITRANS 1
STORAGE (
  INITIAL 65536 
  NEXT 1048576 
  MINEXTENTS 1
  MAXEXTENTS 2147483645
  BUFFER_POOL DEFAULT
)
PARALLEL 1
NOCACHE
DISABLE ROW MOVEMENT
;

-- ----------------------------
-- Records of CATALOG
-- ----------------------------
INSERT INTO "UU8"."CATALOG" VALUES ('323', 'Dark Blue', '1050', 'Satin', 'https://firebasestorage.googleapis.com/v0/b/datatex-48bdb.appspot.com/o/images%2Fdownload%20(8).jpg?alt=media&token=6daa1047-5cb3-4d14-96cd-bc11865ebed5', '1645573777');
INSERT INTO "UU8"."CATALOG" VALUES ('290', 'yellow', '220', 'Satin', 'https://firebasestorage.googleapis.com/v0/b/datatex-48bdb.appspot.com/o/images%2Fsatin_yellow.jpg?alt=media&token=fee57e2f-b23c-4106-8f16-0c20bd4d3110', '1644479432');
INSERT INTO "UU8"."CATALOG" VALUES ('287', 'light', '120', 'Satin', 'https://firebasestorage.googleapis.com/v0/b/datatex-48bdb.appspot.com/o/images%2Fsatin_light.jpg?alt=media&token=53aa81dc-7681-426b-9a6e-142bccda7f3e', '1644479411');
INSERT INTO "UU8"."CATALOG" VALUES ('326', 'Sky Blue', '1060', 'Satin', 'https://firebasestorage.googleapis.com/v0/b/datatex-48bdb.appspot.com/o/images%2Fdownload%20(7).jpg?alt=media&token=b40adf49-72cd-4b7e-992e-ebcf8b3746fe', '1645573891');
INSERT INTO "UU8"."CATALOG" VALUES ('329', 'Dark Green', '1075', 'Twill', 'https://firebasestorage.googleapis.com/v0/b/datatex-48bdb.appspot.com/o/images%2Fimages%20(2).jpg?alt=media&token=7a72e272-bce8-4253-bebd-85cbcc72e698', '1645574012');
INSERT INTO "UU8"."CATALOG" VALUES ('332', 'Emerald', '1075', 'Plain', 'https://firebasestorage.googleapis.com/v0/b/datatex-48bdb.appspot.com/o/images%2Fdownload%20(9).jpg?alt=media&token=262b153d-be9a-4961-af64-585839ba96e5', '1645574138');
INSERT INTO "UU8"."CATALOG" VALUES ('335', 'Yellow', '1080', 'Chiffon', 'https://firebasestorage.googleapis.com/v0/b/datatex-48bdb.appspot.com/o/images%2Fimages%20(3).jpg?alt=media&token=1ba77ea1-12dd-428e-90be-8964c4ff38a6', '1645574292');
INSERT INTO "UU8"."CATALOG" VALUES ('338', 'Grey', '1080', 'Twill', 'https://firebasestorage.googleapis.com/v0/b/datatex-48bdb.appspot.com/o/images%2Fimages%20(18).jpg?alt=media&token=2208d193-1936-4326-ac05-d4fc0fed43ba', '1645574854');
INSERT INTO "UU8"."CATALOG" VALUES ('341', 'Grey', '1080', 'Dobby', 'https://firebasestorage.googleapis.com/v0/b/datatex-48bdb.appspot.com/o/images%2Fimages%20(17).jpg?alt=media&token=dbb23662-88d5-4cb1-95d0-b7340a2abe0f', '1645574883');
INSERT INTO "UU8"."CATALOG" VALUES ('344', 'Black', '1080', 'Twill', 'https://firebasestorage.googleapis.com/v0/b/datatex-48bdb.appspot.com/o/images%2Fimages%20(16).jpg?alt=media&token=cbf72faa-2e0c-4ec9-b412-7b9fb96d1da9', '1645574909');
INSERT INTO "UU8"."CATALOG" VALUES ('347', 'Black', '1080', 'Dobby', 'https://firebasestorage.googleapis.com/v0/b/datatex-48bdb.appspot.com/o/images%2Fimages%20(15).jpg?alt=media&token=ba4126c1-0cb2-4368-a3bc-b2df089fe173', '1645574930');
INSERT INTO "UU8"."CATALOG" VALUES ('350', 'Blue', '1080', 'Dobby', 'https://firebasestorage.googleapis.com/v0/b/datatex-48bdb.appspot.com/o/images%2Fimages%20(13).jpg?alt=media&token=a6ad48ac-10c4-4d8c-9755-ad4d88b4d1a4', '1645574952');
INSERT INTO "UU8"."CATALOG" VALUES ('353', 'Blue', '1080', 'Twill', 'https://firebasestorage.googleapis.com/v0/b/datatex-48bdb.appspot.com/o/images%2Fimages%20(14).jpg?alt=media&token=1a3a209b-46f0-4817-af24-4f93147039e3', '1645574984');
INSERT INTO "UU8"."CATALOG" VALUES ('356', 'Coffee', '1080', 'Satin', 'https://firebasestorage.googleapis.com/v0/b/datatex-48bdb.appspot.com/o/images%2Fimages%20(12).jpg?alt=media&token=a9bf95df-6883-4faf-80c5-f199dc434cad', '1645575013');
INSERT INTO "UU8"."CATALOG" VALUES ('359', 'Coffee', '1080', 'Plain', 'https://firebasestorage.googleapis.com/v0/b/datatex-48bdb.appspot.com/o/images%2Fimages%20(11).jpg?alt=media&token=9daca21e-0c2a-4ff0-ae91-353f7b715cd7', '1645575045');
INSERT INTO "UU8"."CATALOG" VALUES ('362', 'Brown', '1080', 'Twill', 'https://firebasestorage.googleapis.com/v0/b/datatex-48bdb.appspot.com/o/images%2Fimages%20(10).jpg?alt=media&token=6a122ddf-015d-4676-9f91-f3c316def673', '1645575074');
INSERT INTO "UU8"."CATALOG" VALUES ('365', 'Brown', '1080', 'Dobby', 'https://firebasestorage.googleapis.com/v0/b/datatex-48bdb.appspot.com/o/images%2Fimages%20(9).jpg?alt=media&token=190259bc-15ca-4448-a78d-979e6e3a5260', '1645575093');
INSERT INTO "UU8"."CATALOG" VALUES ('368', 'Brown', '1080', 'Chiffon', 'https://firebasestorage.googleapis.com/v0/b/datatex-48bdb.appspot.com/o/images%2Fimages%20(8).jpg?alt=media&token=f897aaa3-6497-4ac1-a5be-3e1c174e91b6', '1645575116');
INSERT INTO "UU8"."CATALOG" VALUES ('371', 'Red', '1090', 'Twill', 'https://firebasestorage.googleapis.com/v0/b/datatex-48bdb.appspot.com/o/images%2Fimages%20(20).jpg?alt=media&token=08211feb-42c8-4c80-b1f5-4a6a98519cae', '1645575236');
INSERT INTO "UU8"."CATALOG" VALUES ('374', 'Red', '1090', 'Dobby', 'https://firebasestorage.googleapis.com/v0/b/datatex-48bdb.appspot.com/o/images%2Fdownload%20(12).jpg?alt=media&token=8d6395ec-2178-4c60-b5e5-b6e357425e82', '1645575253');
INSERT INTO "UU8"."CATALOG" VALUES ('377', 'Red', '1090', 'Chiffon', 'https://firebasestorage.googleapis.com/v0/b/datatex-48bdb.appspot.com/o/images%2Fimages%20(19).jpg?alt=media&token=908f8039-ee82-4899-bb8f-69a66ed07501', '1645575271');
INSERT INTO "UU8"."CATALOG" VALUES ('380', 'Red', '1090', 'Satin', 'https://firebasestorage.googleapis.com/v0/b/datatex-48bdb.appspot.com/o/images%2Fdownload%20(11).jpg?alt=media&token=e5e59d50-8343-43cd-844f-d3e5e68809c1', '1645575287');
INSERT INTO "UU8"."CATALOG" VALUES ('383', 'Purple', '1090', 'Plain', 'https://firebasestorage.googleapis.com/v0/b/datatex-48bdb.appspot.com/o/images%2Fimages%20(23).jpg?alt=media&token=7a0786d7-73c7-43e5-ad73-8f811b3f77c1', '1645575372');
INSERT INTO "UU8"."CATALOG" VALUES ('386', 'Purple', '1090', 'Twill', 'https://firebasestorage.googleapis.com/v0/b/datatex-48bdb.appspot.com/o/images%2Fimages%20(22).jpg?alt=media&token=6766b24a-e67f-4dac-8f4e-822ebcd8c839', '1645575387');
INSERT INTO "UU8"."CATALOG" VALUES ('389', 'Purple', '1090', 'Chiffon', 'https://firebasestorage.googleapis.com/v0/b/datatex-48bdb.appspot.com/o/images%2Fimages%20(21).jpg?alt=media&token=a3ac734a-48dd-4990-aada-e40ce3cf86a6', '1645575402');
INSERT INTO "UU8"."CATALOG" VALUES ('392', 'Purple', '1090', 'Satin', 'https://firebasestorage.googleapis.com/v0/b/datatex-48bdb.appspot.com/o/images%2Fdownload%20(14).jpg?alt=media&token=66d5b14e-8468-468c-b377-6b4369a1c608', '1645575425');
INSERT INTO "UU8"."CATALOG" VALUES ('395', 'Purple', '1090', 'Dobby', 'https://firebasestorage.googleapis.com/v0/b/datatex-48bdb.appspot.com/o/images%2Fdownload%20(13).jpg?alt=media&token=a464e2f7-5a88-4e05-8903-0a7ba6f1782b', '1645575493');

-- ----------------------------
-- Table structure for DELIVERY
-- ----------------------------
DROP TABLE "UU8"."DELIVERY";
CREATE TABLE "UU8"."DELIVERY" (
  "SHIPMENT_ID" NUMBER VISIBLE DEFAULT "UU8"."ISEQ$$_79289".nextval NOT NULL,
  "FABRIC_ID" NUMBER VISIBLE NOT NULL,
  "PRODUCTION_UNIT_ID" NUMBER VISIBLE NOT NULL,
  "START_TIME" NUMBER(11,0) VISIBLE,
  "FINISH_TIME" NUMBER(11,0) VISIBLE
)
LOGGING
NOCOMPRESS
PCTFREE 10
INITRANS 1
STORAGE (
  BUFFER_POOL DEFAULT
)
PARALLEL 1
NOCACHE
DISABLE ROW MOVEMENT
;

-- ----------------------------
-- Records of DELIVERY
-- ----------------------------

-- ----------------------------
-- Table structure for EMPLOYEES
-- ----------------------------
DROP TABLE "UU8"."EMPLOYEES";
CREATE TABLE "UU8"."EMPLOYEES" (
  "ID" NUMBER VISIBLE DEFAULT "UU8"."ISEQ$$_79271".nextval NOT NULL,
  "NAME" VARCHAR2(100 BYTE) VISIBLE NOT NULL,
  "ADDRESS" VARCHAR2(100 BYTE) VISIBLE,
  "PHONE" VARCHAR2(20 BYTE) VISIBLE,
  "HIRE_DATE" NUMBER(11,0) VISIBLE,
  "SALARY" NUMBER VISIBLE
)
LOGGING
NOCOMPRESS
PCTFREE 10
INITRANS 1
STORAGE (
  INITIAL 65536 
  NEXT 1048576 
  MINEXTENTS 1
  MAXEXTENTS 2147483645
  BUFFER_POOL DEFAULT
)
PARALLEL 1
NOCACHE
DISABLE ROW MOVEMENT
;

-- ----------------------------
-- Records of EMPLOYEES
-- ----------------------------
INSERT INTO "UU8"."EMPLOYEES" VALUES ('1100', 'staff412', 'Uttara,Dhaka,Bangladesh', '01974166204', '1645572232', '160000');
INSERT INTO "UU8"."EMPLOYEES" VALUES ('1110', 'staff56', 'Uttara,Dhaka,Bangladesh', '01974166204', '1645572269', '550000');
INSERT INTO "UU8"."EMPLOYEES" VALUES ('1120', 'staff32', 'Uttara,Dhaka,Bangladesh', '01974166204', '1645572303', '750000');
INSERT INTO "UU8"."EMPLOYEES" VALUES ('1130', 'staff7', 'Uttara,Dhaka,Bangladesh', '01974166204', '1645572338', '540000');
INSERT INTO "UU8"."EMPLOYEES" VALUES ('1140', 'staff23', 'Uttara,Dhaka,Bangladesh', '01974166204', '1645572369', '450000');
INSERT INTO "UU8"."EMPLOYEES" VALUES ('1150', 'staff13', 'Uttara,Dhaka,Bangladesh', '01974166204', '1645572400', '230000');
INSERT INTO "UU8"."EMPLOYEES" VALUES ('1160', 'staff43', 'Uttara,Dhaka,Bangladesh', '01974166204', '1645572418', '570000');
INSERT INTO "UU8"."EMPLOYEES" VALUES ('1300', 'staff77', 'Uttara,Dhaka,Bangladesh', '01974166204', '1645586209', '770000');
INSERT INTO "UU8"."EMPLOYEES" VALUES ('1310', 'staff1100', 'Uttara,Dhaka,Bangladesh', '01974166204', '1645586236', '1100000');
INSERT INTO "UU8"."EMPLOYEES" VALUES ('720', 'staff21', 'dhaka', '1714166204', '1644367012', '450000');
INSERT INTO "UU8"."EMPLOYEES" VALUES ('320', 'staff5', 'dhaka', '5555513456', '1640995200', '400000');

-- ----------------------------
-- Table structure for FABRIC
-- ----------------------------
DROP TABLE "UU8"."FABRIC";
CREATE TABLE "UU8"."FABRIC" (
  "FABRIC_ID" NUMBER VISIBLE DEFAULT "UU8"."ISEQ$$_79277".nextval NOT NULL,
  "COLOR_ID" NUMBER VISIBLE,
  "COTTON_PCT" NUMBER(10,4) VISIBLE,
  "POLYESTER_PCT" NUMBER(10,4) VISIBLE,
  "RAYON_PCT" NUMBER(10,4) VISIBLE,
  "TENCIL_PCT" NUMBER(10,4) VISIBLE,
  "VISCOSE_PCT" NUMBER(10,4) VISIBLE,
  "LYCRA_PCT" NUMBER(10,4) VISIBLE,
  "GSM_WEIGHT" NUMBER(10,4) VISIBLE,
  "TOTAL_PRICE" NUMBER(20,4) VISIBLE,
  "ORDER_DATE" NUMBER(11,0) VISIBLE,
  "BUYER_NAME" VARCHAR2(100 BYTE) VISIBLE,
  "BUYER_ADDRESS" VARCHAR2(100 BYTE) VISIBLE,
  "AFFLIATION" VARCHAR2(100 BYTE) VISIBLE,
  "APPROVE_STATUS" NUMBER VISIBLE,
  "IMAGE" VARCHAR2(2000 BYTE) VISIBLE,
  "USER_ID" NUMBER VISIBLE,
  "REMOVE_STATUS" NUMBER VISIBLE
)
LOGGING
NOCOMPRESS
PCTFREE 10
INITRANS 1
STORAGE (
  INITIAL 65536 
  NEXT 1048576 
  MINEXTENTS 1
  MAXEXTENTS 2147483645
  BUFFER_POOL DEFAULT
)
PARALLEL 1
NOCACHE
DISABLE ROW MOVEMENT
;

-- ----------------------------
-- Records of FABRIC
-- ----------------------------
INSERT INTO "UU8"."FABRIC" VALUES ('2574', '290', '50', '50', '50', '50', '50', '50', '50', '11000', '1645379902', 'ths', 'Uttara,Dhaka,Bangladesh', 'this', '1', 'https://firebasestorage.googleapis.com/v0/b/datatex-48bdb.appspot.com/o/images%2Fsatin_yellow.jpg?alt=media&token=fee57e2f-b23c-4106-8f16-0c20bd4d3110', '42', '0');
INSERT INTO "UU8"."FABRIC" VALUES ('2585', '287', '50', '50', '50', '50', '50', '50', '700', '60000', '1645379902', 'ths', 'Uttara,Dhaka,Bangladesh', 'this', '1', 'https://firebasestorage.googleapis.com/v0/b/datatex-48bdb.appspot.com/o/images%2Fsatin_light.jpg?alt=media&token=53aa81dc-7681-426b-9a6e-142bccda7f3e', '42', '0');
INSERT INTO "UU8"."FABRIC" VALUES ('2596', '287', '50', '50', '50', '50', '50', '50', '800', '60000', '1645379902', 'ths', 'Uttara,Dhaka,Bangladesh', 'this', '2', 'https://firebasestorage.googleapis.com/v0/b/datatex-48bdb.appspot.com/o/images%2Fsatin_light.jpg?alt=media&token=53aa81dc-7681-426b-9a6e-142bccda7f3e', '42', '0');
INSERT INTO "UU8"."FABRIC" VALUES ('2607', '290', '50', '50', '50', '50', '50', '50', '900', '11000', '1645379902', 'ths', 'Uttara,Dhaka,Bangladesh', 'this', '1', 'https://firebasestorage.googleapis.com/v0/b/datatex-48bdb.appspot.com/o/images%2Fsatin_yellow.jpg?alt=media&token=fee57e2f-b23c-4106-8f16-0c20bd4d3110', '42', '0');
INSERT INTO "UU8"."FABRIC" VALUES ('2618', '290', '50', '50', '50', '50', '50', '50', '850', '11000', '1645379902', 'ths', 'Uttara,Dhaka,Bangladesh', 'this', '1', 'https://firebasestorage.googleapis.com/v0/b/datatex-48bdb.appspot.com/o/images%2Fsatin_yellow.jpg?alt=media&token=fee57e2f-b23c-4106-8f16-0c20bd4d3110', '42', '0');
INSERT INTO "UU8"."FABRIC" VALUES ('3003', '332', '20', '20', '20', '29', '20', '30', '1000', '1075000', '1645608232', 'ths', 'Uttara,Dhaka,Bangladesh', 'ths', '0', 'https://firebasestorage.googleapis.com/v0/b/datatex-48bdb.appspot.com/o/images%2Fdownload%20(9).jpg?alt=media&token=262b153d-be9a-4961-af64-585839ba96e5', '42', '0');
INSERT INTO "UU8"."FABRIC" VALUES ('2123', '287', '5', '52', '7', '7', '5', '5', '57856', '6942720', '1645076570', 'fhg', 'jyg', 'gty', '1', 'https://firebasestorage.googleapis.com/v0/b/datatex-48bdb.appspot.com/o/images%2Fsatin_light.jpg?alt=media&token=53aa81dc-7681-426b-9a6e-142bccda7f3e', '42', '0');
INSERT INTO "UU8"."FABRIC" VALUES ('1914', '287', '7', '4', '4', '4', '6', '4', '3503', '360', '1644512229', 'jh', 'ygu', 'h', '0', 'https://firebasestorage.googleapis.com/v0/b/datatex-48bdb.appspot.com/o/images%2Fsatin_light.jpg?alt=media&token=53aa81dc-7681-426b-9a6e-142bccda7f3e', '42', '0');
INSERT INTO "UU8"."FABRIC" VALUES ('1925', '290', '54', '7', '52', '654', '5', '564', '8654', '14300', '1644512228', 'jh', 'jk', 'jk', '2', 'https://firebasestorage.googleapis.com/v0/b/datatex-48bdb.appspot.com/o/images%2Fsatin_yellow.jpg?alt=media&token=fee57e2f-b23c-4106-8f16-0c20bd4d3110', '42', '0');

-- ----------------------------
-- Table structure for INVENTORY
-- ----------------------------
DROP TABLE "UU8"."INVENTORY";
CREATE TABLE "UU8"."INVENTORY" (
  "MAT_ID" NUMBER VISIBLE DEFAULT "UU8"."ISEQ$$_79280".nextval NOT NULL,
  "MAT_NAME" VARCHAR2(100 BYTE) VISIBLE NOT NULL,
  "PRICE_PER_GSM" NUMBER(20,4) VISIBLE NOT NULL
)
LOGGING
NOCOMPRESS
PCTFREE 10
INITRANS 1
STORAGE (
  BUFFER_POOL DEFAULT
)
PARALLEL 1
NOCACHE
DISABLE ROW MOVEMENT
;

-- ----------------------------
-- Records of INVENTORY
-- ----------------------------

-- ----------------------------
-- Table structure for PRODUCTION
-- ----------------------------
DROP TABLE "UU8"."PRODUCTION";
CREATE TABLE "UU8"."PRODUCTION" (
  "PRODUCTION_UNIT_ID" NUMBER VISIBLE DEFAULT "UU8"."ISEQ$$_79283".nextval NOT NULL,
  "RUN_STATUS" NUMBER(1,0) VISIBLE,
  "HOURLY_GSM_SPEED" NUMBER(20,4) VISIBLE NOT NULL,
  "SETUP_COST" NUMBER(20,0) VISIBLE NOT NULL,
  "SETUP_DATE" NUMBER(11,0) VISIBLE
)
LOGGING
NOCOMPRESS
PCTFREE 10
INITRANS 1
STORAGE (
  INITIAL 65536 
  NEXT 1048576 
  MINEXTENTS 1
  MAXEXTENTS 2147483645
  BUFFER_POOL DEFAULT
)
PARALLEL 1
NOCACHE
DISABLE ROW MOVEMENT
;

-- ----------------------------
-- Records of PRODUCTION
-- ----------------------------
INSERT INTO "UU8"."PRODUCTION" VALUES ('19760', '0', '10000', '100000', '1645608351');
INSERT INTO "UU8"."PRODUCTION" VALUES ('5837', '0', '10000', '1543210', '1641168000');
INSERT INTO "UU8"."PRODUCTION" VALUES ('6194', '0', '9500', '1543210', '1641340800');
INSERT INTO "UU8"."PRODUCTION" VALUES ('6551', '0', '41200', '1543210', '1641340800');
INSERT INTO "UU8"."PRODUCTION" VALUES ('6908', '0', '52200', '1543210', '1643500800');
INSERT INTO "UU8"."PRODUCTION" VALUES ('12620', '0', '50000', '4165432', '1643908806');
INSERT INTO "UU8"."PRODUCTION" VALUES ('12977', '0', '50000', '12345', '1643909415');
INSERT INTO "UU8"."PRODUCTION" VALUES ('5480', '0', '25000', '1543210', '1640995200');

-- ----------------------------
-- Table structure for SUPPLY
-- ----------------------------
DROP TABLE "UU8"."SUPPLY";
CREATE TABLE "UU8"."SUPPLY" (
  "SUPPLY_ID" NUMBER VISIBLE DEFAULT "UU8"."ISEQ$$_79286".nextval NOT NULL,
  "FABRIC_ID" NUMBER VISIBLE NOT NULL,
  "MAT_ID" NUMBER VISIBLE NOT NULL,
  "MAT_COST" NUMBER(20,0) VISIBLE NOT NULL,
  "SUPPLY_DATE" NUMBER(11,0) VISIBLE,
  "GSM_WEIGHT" NUMBER(20,0) VISIBLE
)
LOGGING
NOCOMPRESS
PCTFREE 10
INITRANS 1
STORAGE (
  BUFFER_POOL DEFAULT
)
PARALLEL 1
NOCACHE
DISABLE ROW MOVEMENT
;

-- ----------------------------
-- Records of SUPPLY
-- ----------------------------

-- ----------------------------
-- Table structure for TRANSACTION
-- ----------------------------
DROP TABLE "UU8"."TRANSACTION";
CREATE TABLE "UU8"."TRANSACTION" (
  "ID" NUMBER VISIBLE DEFAULT "UU8"."ISEQ$$_89833".nextval NOT NULL,
  "DATES" DATE VISIBLE,
  "DEBIT" NUMBER VISIBLE,
  "CREDIT" NUMBER VISIBLE,
  "DEPARTMENT_NAME" VARCHAR2(50 BYTE) VISIBLE
)
LOGGING
NOCOMPRESS
PCTFREE 10
INITRANS 1
STORAGE (
  INITIAL 65536 
  NEXT 1048576 
  MINEXTENTS 1
  MAXEXTENTS 2147483645
  BUFFER_POOL DEFAULT
)
PARALLEL 1
NOCACHE
DISABLE ROW MOVEMENT
;

-- ----------------------------
-- Records of TRANSACTION
-- ----------------------------
INSERT INTO "UU8"."TRANSACTION" VALUES ('261', TO_DATE('2022-02-24 00:00:00', 'SYYYY-MM-DD HH24:MI:SS'), NULL, NULL, 'ADMIN');
INSERT INTO "UU8"."TRANSACTION" VALUES ('262', TO_DATE('2022-02-24 00:00:00', 'SYYYY-MM-DD HH24:MI:SS'), NULL, NULL, 'PRODUCTION');
INSERT INTO "UU8"."TRANSACTION" VALUES ('263', TO_DATE('2022-02-24 00:00:00', 'SYYYY-MM-DD HH24:MI:SS'), NULL, NULL, 'SALES');
INSERT INTO "UU8"."TRANSACTION" VALUES ('213', TO_DATE('2022-02-12 00:00:00', 'SYYYY-MM-DD HH24:MI:SS'), NULL, NULL, 'ADMIN');
INSERT INTO "UU8"."TRANSACTION" VALUES ('214', TO_DATE('2022-02-12 00:00:00', 'SYYYY-MM-DD HH24:MI:SS'), NULL, NULL, 'PRODUCTION');
INSERT INTO "UU8"."TRANSACTION" VALUES ('215', TO_DATE('2022-02-12 00:00:00', 'SYYYY-MM-DD HH24:MI:SS'), NULL, NULL, 'SALES');
INSERT INTO "UU8"."TRANSACTION" VALUES ('216', TO_DATE('2022-02-13 00:00:00', 'SYYYY-MM-DD HH24:MI:SS'), NULL, NULL, 'ADMIN');
INSERT INTO "UU8"."TRANSACTION" VALUES ('217', TO_DATE('2022-02-13 00:00:00', 'SYYYY-MM-DD HH24:MI:SS'), NULL, NULL, 'PRODUCTION');
INSERT INTO "UU8"."TRANSACTION" VALUES ('218', TO_DATE('2022-02-13 00:00:00', 'SYYYY-MM-DD HH24:MI:SS'), NULL, NULL, 'SALES');
INSERT INTO "UU8"."TRANSACTION" VALUES ('219', TO_DATE('2022-02-14 00:00:00', 'SYYYY-MM-DD HH24:MI:SS'), NULL, NULL, 'ADMIN');
INSERT INTO "UU8"."TRANSACTION" VALUES ('220', TO_DATE('2022-02-14 00:00:00', 'SYYYY-MM-DD HH24:MI:SS'), NULL, NULL, 'PRODUCTION');
INSERT INTO "UU8"."TRANSACTION" VALUES ('221', TO_DATE('2022-02-14 00:00:00', 'SYYYY-MM-DD HH24:MI:SS'), NULL, NULL, 'SALES');
INSERT INTO "UU8"."TRANSACTION" VALUES ('222', TO_DATE('2022-02-15 00:00:00', 'SYYYY-MM-DD HH24:MI:SS'), NULL, NULL, 'ADMIN');
INSERT INTO "UU8"."TRANSACTION" VALUES ('223', TO_DATE('2022-02-15 00:00:00', 'SYYYY-MM-DD HH24:MI:SS'), NULL, NULL, 'PRODUCTION');
INSERT INTO "UU8"."TRANSACTION" VALUES ('224', TO_DATE('2022-02-15 00:00:00', 'SYYYY-MM-DD HH24:MI:SS'), NULL, NULL, 'SALES');
INSERT INTO "UU8"."TRANSACTION" VALUES ('225', TO_DATE('2022-02-16 00:00:00', 'SYYYY-MM-DD HH24:MI:SS'), NULL, NULL, 'ADMIN');
INSERT INTO "UU8"."TRANSACTION" VALUES ('226', TO_DATE('2022-02-16 00:00:00', 'SYYYY-MM-DD HH24:MI:SS'), NULL, NULL, 'PRODUCTION');
INSERT INTO "UU8"."TRANSACTION" VALUES ('227', TO_DATE('2022-02-16 00:00:00', 'SYYYY-MM-DD HH24:MI:SS'), NULL, NULL, 'SALES');
INSERT INTO "UU8"."TRANSACTION" VALUES ('228', TO_DATE('2022-02-17 00:00:00', 'SYYYY-MM-DD HH24:MI:SS'), NULL, NULL, 'ADMIN');
INSERT INTO "UU8"."TRANSACTION" VALUES ('229', TO_DATE('2022-02-17 00:00:00', 'SYYYY-MM-DD HH24:MI:SS'), NULL, NULL, 'PRODUCTION');
INSERT INTO "UU8"."TRANSACTION" VALUES ('230', TO_DATE('2022-02-17 00:00:00', 'SYYYY-MM-DD HH24:MI:SS'), NULL, NULL, 'SALES');
INSERT INTO "UU8"."TRANSACTION" VALUES ('231', TO_DATE('2022-02-18 00:00:00', 'SYYYY-MM-DD HH24:MI:SS'), NULL, NULL, 'ADMIN');
INSERT INTO "UU8"."TRANSACTION" VALUES ('232', TO_DATE('2022-02-18 00:00:00', 'SYYYY-MM-DD HH24:MI:SS'), NULL, NULL, 'PRODUCTION');
INSERT INTO "UU8"."TRANSACTION" VALUES ('233', TO_DATE('2022-02-18 00:00:00', 'SYYYY-MM-DD HH24:MI:SS'), NULL, '1500000', 'SALES');
INSERT INTO "UU8"."TRANSACTION" VALUES ('234', TO_DATE('2022-02-19 00:00:00', 'SYYYY-MM-DD HH24:MI:SS'), NULL, NULL, 'ADMIN');
INSERT INTO "UU8"."TRANSACTION" VALUES ('235', TO_DATE('2022-02-19 00:00:00', 'SYYYY-MM-DD HH24:MI:SS'), NULL, NULL, 'PRODUCTION');
INSERT INTO "UU8"."TRANSACTION" VALUES ('236', TO_DATE('2022-02-19 00:00:00', 'SYYYY-MM-DD HH24:MI:SS'), NULL, NULL, 'SALES');
INSERT INTO "UU8"."TRANSACTION" VALUES ('237', TO_DATE('2022-02-20 00:00:00', 'SYYYY-MM-DD HH24:MI:SS'), NULL, NULL, 'ADMIN');
INSERT INTO "UU8"."TRANSACTION" VALUES ('238', TO_DATE('2022-02-20 00:00:00', 'SYYYY-MM-DD HH24:MI:SS'), NULL, NULL, 'PRODUCTION');
INSERT INTO "UU8"."TRANSACTION" VALUES ('239', TO_DATE('2022-02-20 00:00:00', 'SYYYY-MM-DD HH24:MI:SS'), NULL, NULL, 'SALES');
INSERT INTO "UU8"."TRANSACTION" VALUES ('240', TO_DATE('2022-02-21 00:00:00', 'SYYYY-MM-DD HH24:MI:SS'), NULL, NULL, 'ADMIN');
INSERT INTO "UU8"."TRANSACTION" VALUES ('241', TO_DATE('2022-02-21 00:00:00', 'SYYYY-MM-DD HH24:MI:SS'), NULL, NULL, 'PRODUCTION');
INSERT INTO "UU8"."TRANSACTION" VALUES ('242', TO_DATE('2022-02-21 00:00:00', 'SYYYY-MM-DD HH24:MI:SS'), NULL, NULL, 'SALES');
INSERT INTO "UU8"."TRANSACTION" VALUES ('243', TO_DATE('2022-02-22 00:00:00', 'SYYYY-MM-DD HH24:MI:SS'), NULL, NULL, 'ADMIN');
INSERT INTO "UU8"."TRANSACTION" VALUES ('244', TO_DATE('2022-02-22 00:00:00', 'SYYYY-MM-DD HH24:MI:SS'), NULL, NULL, 'PRODUCTION');
INSERT INTO "UU8"."TRANSACTION" VALUES ('245', TO_DATE('2022-02-22 00:00:00', 'SYYYY-MM-DD HH24:MI:SS'), NULL, '1549656', 'SALES');
INSERT INTO "UU8"."TRANSACTION" VALUES ('246', TO_DATE('2022-02-23 00:00:00', 'SYYYY-MM-DD HH24:MI:SS'), NULL, NULL, 'ADMIN');
INSERT INTO "UU8"."TRANSACTION" VALUES ('247', TO_DATE('2022-02-23 00:00:00', 'SYYYY-MM-DD HH24:MI:SS'), NULL, NULL, 'PRODUCTION');
INSERT INTO "UU8"."TRANSACTION" VALUES ('248', TO_DATE('2022-02-23 00:00:00', 'SYYYY-MM-DD HH24:MI:SS'), NULL, '8656930', 'SALES');
INSERT INTO "UU8"."TRANSACTION" VALUES ('1', TO_DATE('2022-01-01 00:00:00', 'SYYYY-MM-DD HH24:MI:SS'), NULL, NULL, 'ADMIN');
INSERT INTO "UU8"."TRANSACTION" VALUES ('2', TO_DATE('2022-01-01 00:00:00', 'SYYYY-MM-DD HH24:MI:SS'), '1543210', NULL, 'PRODUCTION');
INSERT INTO "UU8"."TRANSACTION" VALUES ('3', TO_DATE('2022-01-01 00:00:00', 'SYYYY-MM-DD HH24:MI:SS'), NULL, NULL, 'SALES');
INSERT INTO "UU8"."TRANSACTION" VALUES ('4', TO_DATE('2022-01-02 00:00:00', 'SYYYY-MM-DD HH24:MI:SS'), NULL, NULL, 'ADMIN');
INSERT INTO "UU8"."TRANSACTION" VALUES ('5', TO_DATE('2022-01-02 00:00:00', 'SYYYY-MM-DD HH24:MI:SS'), NULL, NULL, 'PRODUCTION');
INSERT INTO "UU8"."TRANSACTION" VALUES ('6', TO_DATE('2022-01-02 00:00:00', 'SYYYY-MM-DD HH24:MI:SS'), NULL, NULL, 'SALES');
INSERT INTO "UU8"."TRANSACTION" VALUES ('7', TO_DATE('2022-01-03 00:00:00', 'SYYYY-MM-DD HH24:MI:SS'), NULL, NULL, 'ADMIN');
INSERT INTO "UU8"."TRANSACTION" VALUES ('8', TO_DATE('2022-01-03 00:00:00', 'SYYYY-MM-DD HH24:MI:SS'), '1543210', NULL, 'PRODUCTION');
INSERT INTO "UU8"."TRANSACTION" VALUES ('9', TO_DATE('2022-01-03 00:00:00', 'SYYYY-MM-DD HH24:MI:SS'), NULL, NULL, 'SALES');
INSERT INTO "UU8"."TRANSACTION" VALUES ('10', TO_DATE('2022-01-04 00:00:00', 'SYYYY-MM-DD HH24:MI:SS'), NULL, NULL, 'ADMIN');
INSERT INTO "UU8"."TRANSACTION" VALUES ('11', TO_DATE('2022-01-04 00:00:00', 'SYYYY-MM-DD HH24:MI:SS'), NULL, NULL, 'PRODUCTION');
INSERT INTO "UU8"."TRANSACTION" VALUES ('12', TO_DATE('2022-01-04 00:00:00', 'SYYYY-MM-DD HH24:MI:SS'), NULL, NULL, 'SALES');
INSERT INTO "UU8"."TRANSACTION" VALUES ('13', TO_DATE('2022-01-05 00:00:00', 'SYYYY-MM-DD HH24:MI:SS'), NULL, NULL, 'ADMIN');
INSERT INTO "UU8"."TRANSACTION" VALUES ('14', TO_DATE('2022-01-05 00:00:00', 'SYYYY-MM-DD HH24:MI:SS'), '3086420', NULL, 'PRODUCTION');
INSERT INTO "UU8"."TRANSACTION" VALUES ('15', TO_DATE('2022-01-05 00:00:00', 'SYYYY-MM-DD HH24:MI:SS'), NULL, NULL, 'SALES');
INSERT INTO "UU8"."TRANSACTION" VALUES ('16', TO_DATE('2022-01-06 00:00:00', 'SYYYY-MM-DD HH24:MI:SS'), NULL, NULL, 'ADMIN');
INSERT INTO "UU8"."TRANSACTION" VALUES ('17', TO_DATE('2022-01-06 00:00:00', 'SYYYY-MM-DD HH24:MI:SS'), NULL, NULL, 'PRODUCTION');
INSERT INTO "UU8"."TRANSACTION" VALUES ('18', TO_DATE('2022-01-06 00:00:00', 'SYYYY-MM-DD HH24:MI:SS'), NULL, NULL, 'SALES');
INSERT INTO "UU8"."TRANSACTION" VALUES ('19', TO_DATE('2022-01-07 00:00:00', 'SYYYY-MM-DD HH24:MI:SS'), NULL, NULL, 'ADMIN');
INSERT INTO "UU8"."TRANSACTION" VALUES ('20', TO_DATE('2022-01-07 00:00:00', 'SYYYY-MM-DD HH24:MI:SS'), NULL, NULL, 'PRODUCTION');
INSERT INTO "UU8"."TRANSACTION" VALUES ('21', TO_DATE('2022-01-07 00:00:00', 'SYYYY-MM-DD HH24:MI:SS'), NULL, NULL, 'SALES');
INSERT INTO "UU8"."TRANSACTION" VALUES ('22', TO_DATE('2022-01-08 00:00:00', 'SYYYY-MM-DD HH24:MI:SS'), NULL, NULL, 'ADMIN');
INSERT INTO "UU8"."TRANSACTION" VALUES ('23', TO_DATE('2022-01-08 00:00:00', 'SYYYY-MM-DD HH24:MI:SS'), NULL, NULL, 'PRODUCTION');
INSERT INTO "UU8"."TRANSACTION" VALUES ('24', TO_DATE('2022-01-08 00:00:00', 'SYYYY-MM-DD HH24:MI:SS'), NULL, NULL, 'SALES');
INSERT INTO "UU8"."TRANSACTION" VALUES ('25', TO_DATE('2022-01-09 00:00:00', 'SYYYY-MM-DD HH24:MI:SS'), NULL, NULL, 'ADMIN');
INSERT INTO "UU8"."TRANSACTION" VALUES ('26', TO_DATE('2022-01-09 00:00:00', 'SYYYY-MM-DD HH24:MI:SS'), NULL, NULL, 'PRODUCTION');
INSERT INTO "UU8"."TRANSACTION" VALUES ('27', TO_DATE('2022-01-09 00:00:00', 'SYYYY-MM-DD HH24:MI:SS'), NULL, NULL, 'SALES');
INSERT INTO "UU8"."TRANSACTION" VALUES ('28', TO_DATE('2022-01-10 00:00:00', 'SYYYY-MM-DD HH24:MI:SS'), NULL, NULL, 'ADMIN');
INSERT INTO "UU8"."TRANSACTION" VALUES ('29', TO_DATE('2022-01-10 00:00:00', 'SYYYY-MM-DD HH24:MI:SS'), NULL, NULL, 'PRODUCTION');
INSERT INTO "UU8"."TRANSACTION" VALUES ('30', TO_DATE('2022-01-10 00:00:00', 'SYYYY-MM-DD HH24:MI:SS'), NULL, NULL, 'SALES');
INSERT INTO "UU8"."TRANSACTION" VALUES ('31', TO_DATE('2022-01-11 00:00:00', 'SYYYY-MM-DD HH24:MI:SS'), NULL, NULL, 'ADMIN');
INSERT INTO "UU8"."TRANSACTION" VALUES ('32', TO_DATE('2022-01-11 00:00:00', 'SYYYY-MM-DD HH24:MI:SS'), NULL, NULL, 'PRODUCTION');
INSERT INTO "UU8"."TRANSACTION" VALUES ('33', TO_DATE('2022-01-11 00:00:00', 'SYYYY-MM-DD HH24:MI:SS'), NULL, NULL, 'SALES');
INSERT INTO "UU8"."TRANSACTION" VALUES ('34', TO_DATE('2022-01-12 00:00:00', 'SYYYY-MM-DD HH24:MI:SS'), NULL, NULL, 'ADMIN');
INSERT INTO "UU8"."TRANSACTION" VALUES ('35', TO_DATE('2022-01-12 00:00:00', 'SYYYY-MM-DD HH24:MI:SS'), NULL, NULL, 'PRODUCTION');
INSERT INTO "UU8"."TRANSACTION" VALUES ('36', TO_DATE('2022-01-12 00:00:00', 'SYYYY-MM-DD HH24:MI:SS'), NULL, NULL, 'SALES');
INSERT INTO "UU8"."TRANSACTION" VALUES ('37', TO_DATE('2022-01-13 00:00:00', 'SYYYY-MM-DD HH24:MI:SS'), NULL, NULL, 'ADMIN');
INSERT INTO "UU8"."TRANSACTION" VALUES ('38', TO_DATE('2022-01-13 00:00:00', 'SYYYY-MM-DD HH24:MI:SS'), NULL, NULL, 'PRODUCTION');
INSERT INTO "UU8"."TRANSACTION" VALUES ('39', TO_DATE('2022-01-13 00:00:00', 'SYYYY-MM-DD HH24:MI:SS'), NULL, NULL, 'SALES');
INSERT INTO "UU8"."TRANSACTION" VALUES ('40', TO_DATE('2022-01-14 00:00:00', 'SYYYY-MM-DD HH24:MI:SS'), NULL, NULL, 'ADMIN');
INSERT INTO "UU8"."TRANSACTION" VALUES ('41', TO_DATE('2022-01-14 00:00:00', 'SYYYY-MM-DD HH24:MI:SS'), NULL, NULL, 'PRODUCTION');
INSERT INTO "UU8"."TRANSACTION" VALUES ('42', TO_DATE('2022-01-14 00:00:00', 'SYYYY-MM-DD HH24:MI:SS'), NULL, NULL, 'SALES');
INSERT INTO "UU8"."TRANSACTION" VALUES ('43', TO_DATE('2022-01-15 00:00:00', 'SYYYY-MM-DD HH24:MI:SS'), NULL, NULL, 'ADMIN');
INSERT INTO "UU8"."TRANSACTION" VALUES ('44', TO_DATE('2022-01-15 00:00:00', 'SYYYY-MM-DD HH24:MI:SS'), NULL, NULL, 'PRODUCTION');
INSERT INTO "UU8"."TRANSACTION" VALUES ('45', TO_DATE('2022-01-15 00:00:00', 'SYYYY-MM-DD HH24:MI:SS'), NULL, NULL, 'SALES');
INSERT INTO "UU8"."TRANSACTION" VALUES ('46', TO_DATE('2022-01-16 00:00:00', 'SYYYY-MM-DD HH24:MI:SS'), NULL, NULL, 'ADMIN');
INSERT INTO "UU8"."TRANSACTION" VALUES ('47', TO_DATE('2022-01-16 00:00:00', 'SYYYY-MM-DD HH24:MI:SS'), NULL, NULL, 'PRODUCTION');
INSERT INTO "UU8"."TRANSACTION" VALUES ('48', TO_DATE('2022-01-16 00:00:00', 'SYYYY-MM-DD HH24:MI:SS'), NULL, NULL, 'SALES');
INSERT INTO "UU8"."TRANSACTION" VALUES ('49', TO_DATE('2022-01-17 00:00:00', 'SYYYY-MM-DD HH24:MI:SS'), NULL, NULL, 'ADMIN');
INSERT INTO "UU8"."TRANSACTION" VALUES ('50', TO_DATE('2022-01-17 00:00:00', 'SYYYY-MM-DD HH24:MI:SS'), NULL, NULL, 'PRODUCTION');
INSERT INTO "UU8"."TRANSACTION" VALUES ('51', TO_DATE('2022-01-17 00:00:00', 'SYYYY-MM-DD HH24:MI:SS'), NULL, NULL, 'SALES');
INSERT INTO "UU8"."TRANSACTION" VALUES ('52', TO_DATE('2022-01-18 00:00:00', 'SYYYY-MM-DD HH24:MI:SS'), NULL, NULL, 'ADMIN');
INSERT INTO "UU8"."TRANSACTION" VALUES ('53', TO_DATE('2022-01-18 00:00:00', 'SYYYY-MM-DD HH24:MI:SS'), NULL, NULL, 'PRODUCTION');
INSERT INTO "UU8"."TRANSACTION" VALUES ('54', TO_DATE('2022-01-18 00:00:00', 'SYYYY-MM-DD HH24:MI:SS'), NULL, NULL, 'SALES');
INSERT INTO "UU8"."TRANSACTION" VALUES ('55', TO_DATE('2022-01-19 00:00:00', 'SYYYY-MM-DD HH24:MI:SS'), NULL, NULL, 'ADMIN');
INSERT INTO "UU8"."TRANSACTION" VALUES ('56', TO_DATE('2022-01-19 00:00:00', 'SYYYY-MM-DD HH24:MI:SS'), NULL, NULL, 'PRODUCTION');
INSERT INTO "UU8"."TRANSACTION" VALUES ('57', TO_DATE('2022-01-19 00:00:00', 'SYYYY-MM-DD HH24:MI:SS'), NULL, NULL, 'SALES');
INSERT INTO "UU8"."TRANSACTION" VALUES ('58', TO_DATE('2022-01-20 00:00:00', 'SYYYY-MM-DD HH24:MI:SS'), NULL, NULL, 'ADMIN');
INSERT INTO "UU8"."TRANSACTION" VALUES ('59', TO_DATE('2022-01-20 00:00:00', 'SYYYY-MM-DD HH24:MI:SS'), NULL, NULL, 'PRODUCTION');
INSERT INTO "UU8"."TRANSACTION" VALUES ('60', TO_DATE('2022-01-20 00:00:00', 'SYYYY-MM-DD HH24:MI:SS'), NULL, NULL, 'SALES');
INSERT INTO "UU8"."TRANSACTION" VALUES ('61', TO_DATE('2022-01-21 00:00:00', 'SYYYY-MM-DD HH24:MI:SS'), NULL, NULL, 'ADMIN');
INSERT INTO "UU8"."TRANSACTION" VALUES ('62', TO_DATE('2022-01-21 00:00:00', 'SYYYY-MM-DD HH24:MI:SS'), NULL, NULL, 'PRODUCTION');
INSERT INTO "UU8"."TRANSACTION" VALUES ('63', TO_DATE('2022-01-21 00:00:00', 'SYYYY-MM-DD HH24:MI:SS'), NULL, NULL, 'SALES');
INSERT INTO "UU8"."TRANSACTION" VALUES ('64', TO_DATE('2022-01-22 00:00:00', 'SYYYY-MM-DD HH24:MI:SS'), NULL, NULL, 'ADMIN');
INSERT INTO "UU8"."TRANSACTION" VALUES ('65', TO_DATE('2022-01-22 00:00:00', 'SYYYY-MM-DD HH24:MI:SS'), NULL, NULL, 'PRODUCTION');
INSERT INTO "UU8"."TRANSACTION" VALUES ('66', TO_DATE('2022-01-22 00:00:00', 'SYYYY-MM-DD HH24:MI:SS'), NULL, NULL, 'SALES');
INSERT INTO "UU8"."TRANSACTION" VALUES ('67', TO_DATE('2022-01-23 00:00:00', 'SYYYY-MM-DD HH24:MI:SS'), NULL, NULL, 'ADMIN');
INSERT INTO "UU8"."TRANSACTION" VALUES ('68', TO_DATE('2022-01-23 00:00:00', 'SYYYY-MM-DD HH24:MI:SS'), NULL, NULL, 'PRODUCTION');
INSERT INTO "UU8"."TRANSACTION" VALUES ('69', TO_DATE('2022-01-23 00:00:00', 'SYYYY-MM-DD HH24:MI:SS'), NULL, NULL, 'SALES');
INSERT INTO "UU8"."TRANSACTION" VALUES ('70', TO_DATE('2022-01-24 00:00:00', 'SYYYY-MM-DD HH24:MI:SS'), NULL, NULL, 'ADMIN');
INSERT INTO "UU8"."TRANSACTION" VALUES ('71', TO_DATE('2022-01-24 00:00:00', 'SYYYY-MM-DD HH24:MI:SS'), NULL, NULL, 'PRODUCTION');
INSERT INTO "UU8"."TRANSACTION" VALUES ('72', TO_DATE('2022-01-24 00:00:00', 'SYYYY-MM-DD HH24:MI:SS'), NULL, NULL, 'SALES');
INSERT INTO "UU8"."TRANSACTION" VALUES ('73', TO_DATE('2022-01-25 00:00:00', 'SYYYY-MM-DD HH24:MI:SS'), NULL, NULL, 'ADMIN');
INSERT INTO "UU8"."TRANSACTION" VALUES ('74', TO_DATE('2022-01-25 00:00:00', 'SYYYY-MM-DD HH24:MI:SS'), NULL, NULL, 'PRODUCTION');
INSERT INTO "UU8"."TRANSACTION" VALUES ('75', TO_DATE('2022-01-25 00:00:00', 'SYYYY-MM-DD HH24:MI:SS'), NULL, NULL, 'SALES');
INSERT INTO "UU8"."TRANSACTION" VALUES ('76', TO_DATE('2022-01-26 00:00:00', 'SYYYY-MM-DD HH24:MI:SS'), NULL, NULL, 'ADMIN');
INSERT INTO "UU8"."TRANSACTION" VALUES ('77', TO_DATE('2022-01-26 00:00:00', 'SYYYY-MM-DD HH24:MI:SS'), NULL, NULL, 'PRODUCTION');
INSERT INTO "UU8"."TRANSACTION" VALUES ('78', TO_DATE('2022-01-26 00:00:00', 'SYYYY-MM-DD HH24:MI:SS'), NULL, NULL, 'SALES');
INSERT INTO "UU8"."TRANSACTION" VALUES ('79', TO_DATE('2022-01-27 00:00:00', 'SYYYY-MM-DD HH24:MI:SS'), NULL, NULL, 'ADMIN');
INSERT INTO "UU8"."TRANSACTION" VALUES ('80', TO_DATE('2022-01-27 00:00:00', 'SYYYY-MM-DD HH24:MI:SS'), NULL, NULL, 'PRODUCTION');
INSERT INTO "UU8"."TRANSACTION" VALUES ('81', TO_DATE('2022-01-27 00:00:00', 'SYYYY-MM-DD HH24:MI:SS'), NULL, NULL, 'SALES');
INSERT INTO "UU8"."TRANSACTION" VALUES ('82', TO_DATE('2022-01-28 00:00:00', 'SYYYY-MM-DD HH24:MI:SS'), NULL, NULL, 'ADMIN');
INSERT INTO "UU8"."TRANSACTION" VALUES ('83', TO_DATE('2022-01-28 00:00:00', 'SYYYY-MM-DD HH24:MI:SS'), NULL, NULL, 'PRODUCTION');
INSERT INTO "UU8"."TRANSACTION" VALUES ('84', TO_DATE('2022-01-28 00:00:00', 'SYYYY-MM-DD HH24:MI:SS'), NULL, NULL, 'SALES');
INSERT INTO "UU8"."TRANSACTION" VALUES ('85', TO_DATE('2022-01-29 00:00:00', 'SYYYY-MM-DD HH24:MI:SS'), NULL, NULL, 'ADMIN');
INSERT INTO "UU8"."TRANSACTION" VALUES ('86', TO_DATE('2022-01-29 00:00:00', 'SYYYY-MM-DD HH24:MI:SS'), NULL, NULL, 'PRODUCTION');
INSERT INTO "UU8"."TRANSACTION" VALUES ('87', TO_DATE('2022-01-29 00:00:00', 'SYYYY-MM-DD HH24:MI:SS'), NULL, NULL, 'SALES');
INSERT INTO "UU8"."TRANSACTION" VALUES ('88', TO_DATE('2022-01-30 00:00:00', 'SYYYY-MM-DD HH24:MI:SS'), NULL, NULL, 'ADMIN');
INSERT INTO "UU8"."TRANSACTION" VALUES ('89', TO_DATE('2022-01-30 00:00:00', 'SYYYY-MM-DD HH24:MI:SS'), '1543210', NULL, 'PRODUCTION');
INSERT INTO "UU8"."TRANSACTION" VALUES ('90', TO_DATE('2022-01-30 00:00:00', 'SYYYY-MM-DD HH24:MI:SS'), NULL, NULL, 'SALES');
INSERT INTO "UU8"."TRANSACTION" VALUES ('91', TO_DATE('2022-01-31 00:00:00', 'SYYYY-MM-DD HH24:MI:SS'), NULL, NULL, 'ADMIN');
INSERT INTO "UU8"."TRANSACTION" VALUES ('92', TO_DATE('2022-01-31 00:00:00', 'SYYYY-MM-DD HH24:MI:SS'), NULL, NULL, 'PRODUCTION');
INSERT INTO "UU8"."TRANSACTION" VALUES ('93', TO_DATE('2022-01-31 00:00:00', 'SYYYY-MM-DD HH24:MI:SS'), NULL, NULL, 'SALES');
INSERT INTO "UU8"."TRANSACTION" VALUES ('94', TO_DATE('2022-02-01 00:00:00', 'SYYYY-MM-DD HH24:MI:SS'), '300000', NULL, 'ADMIN');
INSERT INTO "UU8"."TRANSACTION" VALUES ('95', TO_DATE('2022-02-01 00:00:00', 'SYYYY-MM-DD HH24:MI:SS'), NULL, NULL, 'PRODUCTION');
INSERT INTO "UU8"."TRANSACTION" VALUES ('96', TO_DATE('2022-02-01 00:00:00', 'SYYYY-MM-DD HH24:MI:SS'), NULL, NULL, 'SALES');
INSERT INTO "UU8"."TRANSACTION" VALUES ('97', TO_DATE('2022-02-02 00:00:00', 'SYYYY-MM-DD HH24:MI:SS'), NULL, NULL, 'ADMIN');
INSERT INTO "UU8"."TRANSACTION" VALUES ('98', TO_DATE('2022-02-02 00:00:00', 'SYYYY-MM-DD HH24:MI:SS'), NULL, NULL, 'PRODUCTION');
INSERT INTO "UU8"."TRANSACTION" VALUES ('99', TO_DATE('2022-02-02 00:00:00', 'SYYYY-MM-DD HH24:MI:SS'), NULL, NULL, 'SALES');
INSERT INTO "UU8"."TRANSACTION" VALUES ('100', TO_DATE('2022-02-03 00:00:00', 'SYYYY-MM-DD HH24:MI:SS'), NULL, NULL, 'ADMIN');
INSERT INTO "UU8"."TRANSACTION" VALUES ('101', TO_DATE('2022-02-03 00:00:00', 'SYYYY-MM-DD HH24:MI:SS'), NULL, NULL, 'PRODUCTION');
INSERT INTO "UU8"."TRANSACTION" VALUES ('102', TO_DATE('2022-02-03 00:00:00', 'SYYYY-MM-DD HH24:MI:SS'), NULL, NULL, 'SALES');
INSERT INTO "UU8"."TRANSACTION" VALUES ('103', TO_DATE('2022-02-04 00:00:00', 'SYYYY-MM-DD HH24:MI:SS'), NULL, NULL, 'ADMIN');
INSERT INTO "UU8"."TRANSACTION" VALUES ('104', TO_DATE('2022-02-04 00:00:00', 'SYYYY-MM-DD HH24:MI:SS'), NULL, NULL, 'PRODUCTION');
INSERT INTO "UU8"."TRANSACTION" VALUES ('105', TO_DATE('2022-02-04 00:00:00', 'SYYYY-MM-DD HH24:MI:SS'), NULL, NULL, 'SALES');
INSERT INTO "UU8"."TRANSACTION" VALUES ('106', TO_DATE('2022-02-05 00:00:00', 'SYYYY-MM-DD HH24:MI:SS'), NULL, NULL, 'ADMIN');
INSERT INTO "UU8"."TRANSACTION" VALUES ('107', TO_DATE('2022-02-05 00:00:00', 'SYYYY-MM-DD HH24:MI:SS'), NULL, NULL, 'PRODUCTION');
INSERT INTO "UU8"."TRANSACTION" VALUES ('108', TO_DATE('2022-02-05 00:00:00', 'SYYYY-MM-DD HH24:MI:SS'), NULL, NULL, 'SALES');
INSERT INTO "UU8"."TRANSACTION" VALUES ('109', TO_DATE('2022-02-06 00:00:00', 'SYYYY-MM-DD HH24:MI:SS'), NULL, NULL, 'ADMIN');
INSERT INTO "UU8"."TRANSACTION" VALUES ('110', TO_DATE('2022-02-06 00:00:00', 'SYYYY-MM-DD HH24:MI:SS'), NULL, NULL, 'PRODUCTION');
INSERT INTO "UU8"."TRANSACTION" VALUES ('111', TO_DATE('2022-02-06 00:00:00', 'SYYYY-MM-DD HH24:MI:SS'), NULL, NULL, 'SALES');
INSERT INTO "UU8"."TRANSACTION" VALUES ('112', TO_DATE('2022-02-07 00:00:00', 'SYYYY-MM-DD HH24:MI:SS'), NULL, NULL, 'ADMIN');
INSERT INTO "UU8"."TRANSACTION" VALUES ('113', TO_DATE('2022-02-07 00:00:00', 'SYYYY-MM-DD HH24:MI:SS'), NULL, NULL, 'PRODUCTION');
INSERT INTO "UU8"."TRANSACTION" VALUES ('114', TO_DATE('2022-02-07 00:00:00', 'SYYYY-MM-DD HH24:MI:SS'), NULL, NULL, 'SALES');
INSERT INTO "UU8"."TRANSACTION" VALUES ('115', TO_DATE('2022-02-08 00:00:00', 'SYYYY-MM-DD HH24:MI:SS'), NULL, NULL, 'ADMIN');
INSERT INTO "UU8"."TRANSACTION" VALUES ('116', TO_DATE('2022-02-08 00:00:00', 'SYYYY-MM-DD HH24:MI:SS'), NULL, NULL, 'PRODUCTION');
INSERT INTO "UU8"."TRANSACTION" VALUES ('117', TO_DATE('2022-02-08 00:00:00', 'SYYYY-MM-DD HH24:MI:SS'), NULL, NULL, 'SALES');
INSERT INTO "UU8"."TRANSACTION" VALUES ('118', TO_DATE('2022-02-09 00:00:00', 'SYYYY-MM-DD HH24:MI:SS'), NULL, NULL, 'ADMIN');
INSERT INTO "UU8"."TRANSACTION" VALUES ('119', TO_DATE('2022-02-09 00:00:00', 'SYYYY-MM-DD HH24:MI:SS'), NULL, NULL, 'PRODUCTION');
INSERT INTO "UU8"."TRANSACTION" VALUES ('120', TO_DATE('2022-02-09 00:00:00', 'SYYYY-MM-DD HH24:MI:SS'), NULL, NULL, 'SALES');
INSERT INTO "UU8"."TRANSACTION" VALUES ('121', TO_DATE('2022-02-10 00:00:00', 'SYYYY-MM-DD HH24:MI:SS'), NULL, NULL, 'ADMIN');
INSERT INTO "UU8"."TRANSACTION" VALUES ('122', TO_DATE('2022-02-10 00:00:00', 'SYYYY-MM-DD HH24:MI:SS'), NULL, NULL, 'PRODUCTION');
INSERT INTO "UU8"."TRANSACTION" VALUES ('123', TO_DATE('2022-02-10 00:00:00', 'SYYYY-MM-DD HH24:MI:SS'), NULL, NULL, 'SALES');
INSERT INTO "UU8"."TRANSACTION" VALUES ('124', TO_DATE('2022-02-11 00:00:00', 'SYYYY-MM-DD HH24:MI:SS'), NULL, NULL, 'ADMIN');
INSERT INTO "UU8"."TRANSACTION" VALUES ('125', TO_DATE('2022-02-11 00:00:00', 'SYYYY-MM-DD HH24:MI:SS'), NULL, NULL, 'PRODUCTION');
INSERT INTO "UU8"."TRANSACTION" VALUES ('126', TO_DATE('2022-02-11 00:00:00', 'SYYYY-MM-DD HH24:MI:SS'), NULL, NULL, 'SALES');

-- ----------------------------
-- Table structure for USERS
-- ----------------------------
DROP TABLE "UU8"."USERS";
CREATE TABLE "UU8"."USERS" (
  "ID" NUMBER VISIBLE DEFAULT "UU8"."ISEQ$$_79267".nextval NOT NULL,
  "NAME" VARCHAR2(100 BYTE) VISIBLE NOT NULL,
  "TYPE" NUMBER VISIBLE NOT NULL,
  "EMAIL" VARCHAR2(100 BYTE) VISIBLE NOT NULL,
  "PASSWORD" VARCHAR2(100 BYTE) VISIBLE NOT NULL,
  "USERNAME" VARCHAR2(100 BYTE) VISIBLE NOT NULL,
  "PHONE" VARCHAR2(100 BYTE) VISIBLE,
  "ADDRESS" VARCHAR2(100 BYTE) VISIBLE,
  "EMPLOYEE_ID" NUMBER VISIBLE,
  "IMAGE" VARCHAR2(2000 BYTE) VISIBLE
)
LOGGING
NOCOMPRESS
PCTFREE 10
INITRANS 1
STORAGE (
  INITIAL 65536 
  NEXT 1048576 
  MINEXTENTS 1
  MAXEXTENTS 2147483645
  BUFFER_POOL DEFAULT
)
PARALLEL 1
NOCACHE
DISABLE ROW MOVEMENT
;

-- ----------------------------
-- Records of USERS
-- ----------------------------
INSERT INTO "UU8"."USERS" VALUES ('101', 'employee1', '2', 'emp1@gmail.com', '$2a$10$ZkWVwQOETHcrIHxZyFEgCO0Lvvj.FYFCor6oXsMtkBRPKIR33wVti', 'emp1', '0123456789', 'dhaka', '720', NULL);
INSERT INTO "UU8"."USERS" VALUES ('102', 'employee2', '2', 'emp2@gmail.com', '$2a$10$vv1TYwFHOCgjV3dTdClCJ.5JTEevD2pBzRFXnP1TQkWCjj2YakXAm', 'emp2', '0123456789', 'dhaka', '320', NULL);
INSERT INTO "UU8"."USERS" VALUES ('1', 'Admin', '1', 'admin@gmail.com', '$2a$10$gQBUyDojerdjsecSfmawaOrIZ1gdjFJqQGfYmIuTS2aCB8nMrZfU6', 'admin', '054674847', 'Dhaka, Mirpur', NULL, 'https://firebasestorage.googleapis.com/v0/b/datatex-48bdb.appspot.com/o/images%2F377084.jpg?alt=media&token=6b769356-56e8-4b46-9ad9-d0e048a23122');
INSERT INTO "UU8"."USERS" VALUES ('121', 'staff412', '2', 'staff412@gmail.com', '$2a$10$fdgq.1Xziqy0G04zEJKH8.W3qCrY0UDkRy3ET7XvwstjLtxnl1eGO', 'staff412', '01974166204', 'Uttara,Dhaka,Bangladesh', '1100', 'https://firebasestorage.googleapis.com/v0/b/datatex-48bdb.appspot.com/o/images%2Fcool-wallpaper-for-girls_451453.jpg?alt=media&token=0558e48d-8cc6-4ad7-b6fc-2b5de8d4e8c0');
INSERT INTO "UU8"."USERS" VALUES ('42', 'buyer1', '3', 'buyer1@gmail.com', '$2a$10$s1z9Bjn2rBu4chDzxsCtOet8a68FIhdL6ZEL15hHHuWP5qvvQ0JKu', 'buyer1', '01234567891', 'dhaka', NULL, NULL);

-- ----------------------------
-- View structure for MY_ORDERS
-- ----------------------------
CREATE OR REPLACE VIEW "UU8"."MY_ORDERS" AS Select f.USER_ID,f.FABRIC_ID,f.IMAGE,a.APPROVE_DATE,a.PROD_START_DATE,a.PROD_END_DATE AS "DELIVERY_DATE" FROM  FABRIC f  LEFT JOIN APPROVAL a ON (f.FABRIC_ID=a.FABRIC_ID);

-- ----------------------------
-- Function structure for DEBIT
-- ----------------------------
CREATE OR REPLACE
PROCEDURE "UU8"."DEBIT" AS
BEGIN
	SELECT NVL(MAX(DATES),TO_DATE('31-DEC-2021','DD-MON-YYYY')) INTO START_DATE FROM TRANSACTION;
	DIFF2:= SYSDATE - START_DATE;
	DIFF2:= FLOOR(DIFF2);
	FOR I IN 1..DIFF2+1 LOOP
	   DBMS_OUTPUT.PUT_LINE('Hello World');
		INSERT INTO TRANSACTION (DATES,DEPARTMENT_NAME) VALUES ((START_DATE+I),'ADMIN');
		SALARY_CALC((START_DATE+I));
		INSERT INTO TRANSACTION (DATES,DEPARTMENT_NAME) VALUES ((START_DATE+I),'PRODUCTION');
		PRO_CALC((START_DATE+I));
		INSERT INTO TRANSACTION (DATES,DEPARTMENT_NAME) VALUES ((START_DATE+I),'SALES');
	END LOOP;
	DBMS_OUTPUT.PUT_LINE(DIFF2);
END;
/

-- ----------------------------
-- Function structure for PRO_CALC
-- ----------------------------
CREATE OR REPLACE
PROCEDURE "UU8"."PRO_CALC" AS
BEGIN
	TEMP:= (DATED-TO_DATE('1970-01-01', 'YYYY-MM-DD'))*24*60*60;
	SELECT SUM(SETUP_COST) INTO AMOUNT FROM PRODUCTION WHERE SETUP_DATE=TEMP;
	UPDATE TRANSACTION SET DEBIT=AMOUNT WHERE DATES=DATED AND DEPARTMENT_NAME LIKE 'PRODUCTION';
END;
/

-- ----------------------------
-- Function structure for SALARY_CALC
-- ----------------------------
CREATE OR REPLACE
PROCEDURE "UU8"."SALARY_CALC" AS
BEGIN
	IF TO_CHAR(DATED) LIKE '01%' THEN
		TEMP:= (DATED-TO_DATE('1970-01-01', 'YYYY-MM-DD'))*24*60*60;
		SELECT SUM(SALARY) INTO AMOUNT FROM EMPLOYEES WHERE HIRE_DATE<TEMP;
		UPDATE TRANSACTION SET DEBIT=AMOUNT WHERE DATES=DATED AND DEPARTMENT_NAME LIKE 'ADMIN';
	END IF;
END;
/

-- ----------------------------
-- Sequence structure for ISEQ$$_79267
-- ----------------------------
DROP SEQUENCE "UU8"."ISEQ$$_79267";
CREATE SEQUENCE "UU8"."ISEQ$$_79267" MINVALUE 1 MAXVALUE 9999999999999999999999999999 INCREMENT BY 1 CACHE 20;

-- ----------------------------
-- Sequence structure for ISEQ$$_79271
-- ----------------------------
DROP SEQUENCE "UU8"."ISEQ$$_79271";
CREATE SEQUENCE "UU8"."ISEQ$$_79271" MINVALUE 1 MAXVALUE 9999999999999999999999999999 INCREMENT BY 10 CACHE 20;

-- ----------------------------
-- Sequence structure for ISEQ$$_79274
-- ----------------------------
DROP SEQUENCE "UU8"."ISEQ$$_79274";
CREATE SEQUENCE "UU8"."ISEQ$$_79274" MINVALUE 1 MAXVALUE 9999999999999999999999999999 INCREMENT BY 3 CACHE 20;

-- ----------------------------
-- Sequence structure for ISEQ$$_79277
-- ----------------------------
DROP SEQUENCE "UU8"."ISEQ$$_79277";
CREATE SEQUENCE "UU8"."ISEQ$$_79277" MINVALUE 1 MAXVALUE 9999999999999999999999999999 INCREMENT BY 11 CACHE 20;

-- ----------------------------
-- Sequence structure for ISEQ$$_79280
-- ----------------------------
DROP SEQUENCE "UU8"."ISEQ$$_79280";
CREATE SEQUENCE "UU8"."ISEQ$$_79280" MINVALUE 1 MAXVALUE 9999999999999999999999999999 INCREMENT BY 13 CACHE 20;

-- ----------------------------
-- Sequence structure for ISEQ$$_79283
-- ----------------------------
DROP SEQUENCE "UU8"."ISEQ$$_79283";
CREATE SEQUENCE "UU8"."ISEQ$$_79283" MINVALUE 1 MAXVALUE 9999999999999999999999999999 INCREMENT BY 357 CACHE 20;

-- ----------------------------
-- Sequence structure for ISEQ$$_79286
-- ----------------------------
DROP SEQUENCE "UU8"."ISEQ$$_79286";
CREATE SEQUENCE "UU8"."ISEQ$$_79286" MINVALUE 1 MAXVALUE 9999999999999999999999999999 INCREMENT BY 7 CACHE 20;

-- ----------------------------
-- Sequence structure for ISEQ$$_79289
-- ----------------------------
DROP SEQUENCE "UU8"."ISEQ$$_79289";
CREATE SEQUENCE "UU8"."ISEQ$$_79289" MINVALUE 1 MAXVALUE 9999999999999999999999999999 INCREMENT BY 87 CACHE 20;

-- ----------------------------
-- Sequence structure for ISEQ$$_85435
-- ----------------------------
DROP SEQUENCE "UU8"."ISEQ$$_85435";
CREATE SEQUENCE "UU8"."ISEQ$$_85435" MINVALUE 1 MAXVALUE 9999999999999999999999999999 INCREMENT BY 397 CACHE 20;

-- ----------------------------
-- Sequence structure for ISEQ$$_89767
-- ----------------------------
DROP SEQUENCE "UU8"."ISEQ$$_89767";
CREATE SEQUENCE "UU8"."ISEQ$$_89767" MINVALUE 1 MAXVALUE 9999999999999999999999999999 INCREMENT BY 1 CACHE 20;

-- ----------------------------
-- Sequence structure for ISEQ$$_89796
-- ----------------------------
DROP SEQUENCE "UU8"."ISEQ$$_89796";
CREATE SEQUENCE "UU8"."ISEQ$$_89796" MINVALUE 1 MAXVALUE 9999999999999999999999999999 INCREMENT BY 1 CACHE 20;

-- ----------------------------
-- Sequence structure for ISEQ$$_89799
-- ----------------------------
DROP SEQUENCE "UU8"."ISEQ$$_89799";
CREATE SEQUENCE "UU8"."ISEQ$$_89799" MINVALUE 1 MAXVALUE 9999999999999999999999999999 INCREMENT BY 1 CACHE 20;

-- ----------------------------
-- Sequence structure for ISEQ$$_89805
-- ----------------------------
DROP SEQUENCE "UU8"."ISEQ$$_89805";
CREATE SEQUENCE "UU8"."ISEQ$$_89805" MINVALUE 1 MAXVALUE 9999999999999999999999999999 INCREMENT BY 1 CACHE 20;

-- ----------------------------
-- Sequence structure for ISEQ$$_89833
-- ----------------------------
DROP SEQUENCE "UU8"."ISEQ$$_89833";
CREATE SEQUENCE "UU8"."ISEQ$$_89833" MINVALUE 1 MAXVALUE 9999999999999999999999999999 INCREMENT BY 1 CACHE 20;

-- ----------------------------
-- Primary Key structure for table APPROVAL
-- ----------------------------
ALTER TABLE "UU8"."APPROVAL" ADD CONSTRAINT "SYS_C0018485" PRIMARY KEY ("APPROVAL_ID");

-- ----------------------------
-- Checks structure for table APPROVAL
-- ----------------------------
ALTER TABLE "UU8"."APPROVAL" ADD CONSTRAINT "SYS_C0018484" CHECK ("APPROVAL_ID" IS NOT NULL) NOT DEFERRABLE INITIALLY IMMEDIATE NORELY VALIDATE;

-- ----------------------------
-- Triggers structure for table APPROVAL
-- ----------------------------
CREATE TRIGGER "UU8"."CREDIT_PROCEDURE_FINAL" AFTER INSERT ON "UU8"."APPROVAL" REFERENCING OLD AS "OLD" NEW AS "NEW" FOR EACH ROW 
DECLARE
TOTAL NUMBER;
PRICE NUMBER;
AMOUNT NUMBER;

BEGIN
 
  DBMS_OUTPUT.PUT_LINE('Hello World5');
  DEBIT;
	
	SELECT NVL(CREDIT, 0) INTO TOTAL FROM TRANSACTION WHERE DATES=TO_DATE(TO_CHAR(SYSDATE,'dd-mon-yyyy'), 'dd-mon-yyyy') AND DEPARTMENT_NAME='SALES';
	DBMS_OUTPUT.PUT_LINE('TOTAL '||TOTAL);
	SELECT TOTAL_PRICE INTO PRICE  FROM FABRIC WHERE FABRIC_ID = :NEW.FABRIC_ID;
	DBMS_OUTPUT.PUT_LINE('TOTAL PRICE  '||PRICE);
	TOTAL:=TOTAL + PRICE;
	DBMS_OUTPUT.PUT_LINE('TOTAL2 '||TOTAL);
	UPDATE TRANSACTION SET CREDIT=TOTAL WHERE DATES=TO_DATE(TO_CHAR(SYSDATE,'dd-mon-yyyy'), 'dd-mon-yyyy') AND DEPARTMENT_NAME='SALES';
	
	EXCEPTION
--handle exceptions one by one here
WHEN NO_DATA_FOUND THEN
DBMS_OUTPUT.PUT_LINE('NO DATA FOUND') ;
WHEN OTHERS THEN
DBMS_OUTPUT.PUT_LINE('I dont know what happened!') ;

END ;
/

-- ----------------------------
-- Primary Key structure for table CATALOG
-- ----------------------------
ALTER TABLE "UU8"."CATALOG" ADD CONSTRAINT "SYS_C0011743" PRIMARY KEY ("COLOR_ID");

-- ----------------------------
-- Checks structure for table CATALOG
-- ----------------------------
ALTER TABLE "UU8"."CATALOG" ADD CONSTRAINT "SYS_C0011739" CHECK ("COLOR_ID" IS NOT NULL) NOT DEFERRABLE INITIALLY IMMEDIATE NORELY VALIDATE;
ALTER TABLE "UU8"."CATALOG" ADD CONSTRAINT "SYS_C0011740" CHECK ("COLOR" IS NOT NULL) NOT DEFERRABLE INITIALLY IMMEDIATE NORELY VALIDATE;
ALTER TABLE "UU8"."CATALOG" ADD CONSTRAINT "SYS_C0011741" CHECK ("PRICE_PER_GSM" IS NOT NULL) NOT DEFERRABLE INITIALLY IMMEDIATE NORELY VALIDATE;
ALTER TABLE "UU8"."CATALOG" ADD CONSTRAINT "SYS_C0011742" CHECK ("WEAVE_DESIGN" IS NOT NULL) NOT DEFERRABLE INITIALLY IMMEDIATE NORELY VALIDATE;

-- ----------------------------
-- Primary Key structure for table DELIVERY
-- ----------------------------
ALTER TABLE "UU8"."DELIVERY" ADD CONSTRAINT "SYS_C0011765" PRIMARY KEY ("SHIPMENT_ID");

-- ----------------------------
-- Checks structure for table DELIVERY
-- ----------------------------
ALTER TABLE "UU8"."DELIVERY" ADD CONSTRAINT "SYS_C0011762" CHECK ("SHIPMENT_ID" IS NOT NULL) NOT DEFERRABLE INITIALLY IMMEDIATE NORELY VALIDATE;
ALTER TABLE "UU8"."DELIVERY" ADD CONSTRAINT "SYS_C0011763" CHECK ("FABRIC_ID" IS NOT NULL) NOT DEFERRABLE INITIALLY IMMEDIATE NORELY VALIDATE;
ALTER TABLE "UU8"."DELIVERY" ADD CONSTRAINT "SYS_C0011764" CHECK ("PRODUCTION_UNIT_ID" IS NOT NULL) NOT DEFERRABLE INITIALLY IMMEDIATE NORELY VALIDATE;

-- ----------------------------
-- Primary Key structure for table EMPLOYEES
-- ----------------------------
ALTER TABLE "UU8"."EMPLOYEES" ADD CONSTRAINT "SYS_C0011737" PRIMARY KEY ("ID");

-- ----------------------------
-- Checks structure for table EMPLOYEES
-- ----------------------------
ALTER TABLE "UU8"."EMPLOYEES" ADD CONSTRAINT "SYS_C0011735" CHECK ("ID" IS NOT NULL) NOT DEFERRABLE INITIALLY IMMEDIATE NORELY VALIDATE;
ALTER TABLE "UU8"."EMPLOYEES" ADD CONSTRAINT "SYS_C0011736" CHECK ("NAME" IS NOT NULL) NOT DEFERRABLE INITIALLY IMMEDIATE NORELY VALIDATE;

-- ----------------------------
-- Primary Key structure for table FABRIC
-- ----------------------------
ALTER TABLE "UU8"."FABRIC" ADD CONSTRAINT "SYS_C0011745" PRIMARY KEY ("FABRIC_ID");

-- ----------------------------
-- Checks structure for table FABRIC
-- ----------------------------
ALTER TABLE "UU8"."FABRIC" ADD CONSTRAINT "SYS_C0011744" CHECK ("FABRIC_ID" IS NOT NULL) NOT DEFERRABLE INITIALLY IMMEDIATE NORELY VALIDATE;

-- ----------------------------
-- Primary Key structure for table INVENTORY
-- ----------------------------
ALTER TABLE "UU8"."INVENTORY" ADD CONSTRAINT "SYS_C0011750" PRIMARY KEY ("MAT_ID");

-- ----------------------------
-- Checks structure for table INVENTORY
-- ----------------------------
ALTER TABLE "UU8"."INVENTORY" ADD CONSTRAINT "SYS_C0011747" CHECK ("MAT_ID" IS NOT NULL) NOT DEFERRABLE INITIALLY IMMEDIATE NORELY VALIDATE;
ALTER TABLE "UU8"."INVENTORY" ADD CONSTRAINT "SYS_C0011748" CHECK ("MAT_NAME" IS NOT NULL) NOT DEFERRABLE INITIALLY IMMEDIATE NORELY VALIDATE;
ALTER TABLE "UU8"."INVENTORY" ADD CONSTRAINT "SYS_C0011749" CHECK ("PRICE_PER_GSM" IS NOT NULL) NOT DEFERRABLE INITIALLY IMMEDIATE NORELY VALIDATE;

-- ----------------------------
-- Primary Key structure for table PRODUCTION
-- ----------------------------
ALTER TABLE "UU8"."PRODUCTION" ADD CONSTRAINT "SYS_C0011754" PRIMARY KEY ("PRODUCTION_UNIT_ID");

-- ----------------------------
-- Checks structure for table PRODUCTION
-- ----------------------------
ALTER TABLE "UU8"."PRODUCTION" ADD CONSTRAINT "SYS_C0011751" CHECK ("PRODUCTION_UNIT_ID" IS NOT NULL) NOT DEFERRABLE INITIALLY IMMEDIATE NORELY VALIDATE;
ALTER TABLE "UU8"."PRODUCTION" ADD CONSTRAINT "SYS_C0011752" CHECK ("HOURLY_GSM_SPEED" IS NOT NULL) NOT DEFERRABLE INITIALLY IMMEDIATE NORELY VALIDATE;
ALTER TABLE "UU8"."PRODUCTION" ADD CONSTRAINT "SYS_C0011753" CHECK ("SETUP_COST" IS NOT NULL) NOT DEFERRABLE INITIALLY IMMEDIATE NORELY VALIDATE;

-- ----------------------------
-- Primary Key structure for table SUPPLY
-- ----------------------------
ALTER TABLE "UU8"."SUPPLY" ADD CONSTRAINT "SYS_C0011759" PRIMARY KEY ("SUPPLY_ID");

-- ----------------------------
-- Checks structure for table SUPPLY
-- ----------------------------
ALTER TABLE "UU8"."SUPPLY" ADD CONSTRAINT "SYS_C0011755" CHECK ("SUPPLY_ID" IS NOT NULL) NOT DEFERRABLE INITIALLY IMMEDIATE NORELY VALIDATE;
ALTER TABLE "UU8"."SUPPLY" ADD CONSTRAINT "SYS_C0011756" CHECK ("FABRIC_ID" IS NOT NULL) NOT DEFERRABLE INITIALLY IMMEDIATE NORELY VALIDATE;
ALTER TABLE "UU8"."SUPPLY" ADD CONSTRAINT "SYS_C0011757" CHECK ("MAT_ID" IS NOT NULL) NOT DEFERRABLE INITIALLY IMMEDIATE NORELY VALIDATE;
ALTER TABLE "UU8"."SUPPLY" ADD CONSTRAINT "SYS_C0011758" CHECK ("MAT_COST" IS NOT NULL) NOT DEFERRABLE INITIALLY IMMEDIATE NORELY VALIDATE;

-- ----------------------------
-- Primary Key structure for table TRANSACTION
-- ----------------------------
ALTER TABLE "UU8"."TRANSACTION" ADD CONSTRAINT "SYS_C0022062" PRIMARY KEY ("ID");

-- ----------------------------
-- Checks structure for table TRANSACTION
-- ----------------------------
ALTER TABLE "UU8"."TRANSACTION" ADD CONSTRAINT "SYS_C0022061" CHECK ("ID" IS NOT NULL) NOT DEFERRABLE INITIALLY IMMEDIATE NORELY VALIDATE;

-- ----------------------------
-- Primary Key structure for table USERS
-- ----------------------------
ALTER TABLE "UU8"."USERS" ADD CONSTRAINT "SYS_C0011733" PRIMARY KEY ("ID");

-- ----------------------------
-- Uniques structure for table USERS
-- ----------------------------
ALTER TABLE "UU8"."USERS" ADD CONSTRAINT "SYS_C0011734" UNIQUE ("EMAIL") NOT DEFERRABLE INITIALLY IMMEDIATE NORELY VALIDATE;

-- ----------------------------
-- Checks structure for table USERS
-- ----------------------------
ALTER TABLE "UU8"."USERS" ADD CONSTRAINT "SYS_C0011727" CHECK ("ID" IS NOT NULL) NOT DEFERRABLE INITIALLY IMMEDIATE NORELY VALIDATE;
ALTER TABLE "UU8"."USERS" ADD CONSTRAINT "SYS_C0011728" CHECK ("NAME" IS NOT NULL) NOT DEFERRABLE INITIALLY IMMEDIATE NORELY VALIDATE;
ALTER TABLE "UU8"."USERS" ADD CONSTRAINT "SYS_C0011729" CHECK ("TYPE" IS NOT NULL) NOT DEFERRABLE INITIALLY IMMEDIATE NORELY VALIDATE;
ALTER TABLE "UU8"."USERS" ADD CONSTRAINT "SYS_C0011730" CHECK ("EMAIL" IS NOT NULL) NOT DEFERRABLE INITIALLY IMMEDIATE NORELY VALIDATE;
ALTER TABLE "UU8"."USERS" ADD CONSTRAINT "SYS_C0011731" CHECK ("PASSWORD" IS NOT NULL) NOT DEFERRABLE INITIALLY IMMEDIATE NORELY VALIDATE;
ALTER TABLE "UU8"."USERS" ADD CONSTRAINT "SYS_C0011732" CHECK ("USERNAME" IS NOT NULL) NOT DEFERRABLE INITIALLY IMMEDIATE NORELY VALIDATE;

-- ----------------------------
-- Foreign Keys structure for table APPROVAL
-- ----------------------------
ALTER TABLE "UU8"."APPROVAL" ADD CONSTRAINT "SYS_C0018486" FOREIGN KEY ("FABRIC_ID") REFERENCES "UU8"."FABRIC" ("FABRIC_ID") ON DELETE CASCADE NOT DEFERRABLE INITIALLY IMMEDIATE NORELY VALIDATE;
ALTER TABLE "UU8"."APPROVAL" ADD CONSTRAINT "SYS_C0018487" FOREIGN KEY ("PRODUCTION_UNIT_ID") REFERENCES "UU8"."PRODUCTION" ("PRODUCTION_UNIT_ID") ON DELETE CASCADE NOT DEFERRABLE INITIALLY IMMEDIATE NORELY VALIDATE;

-- ----------------------------
-- Foreign Keys structure for table DELIVERY
-- ----------------------------
ALTER TABLE "UU8"."DELIVERY" ADD CONSTRAINT "SYS_C0011766" FOREIGN KEY ("FABRIC_ID") REFERENCES "UU8"."FABRIC" ("FABRIC_ID") ON DELETE CASCADE NOT DEFERRABLE INITIALLY IMMEDIATE NORELY VALIDATE;
ALTER TABLE "UU8"."DELIVERY" ADD CONSTRAINT "SYS_C0011767" FOREIGN KEY ("PRODUCTION_UNIT_ID") REFERENCES "UU8"."PRODUCTION" ("PRODUCTION_UNIT_ID") ON DELETE CASCADE NOT DEFERRABLE INITIALLY IMMEDIATE NORELY VALIDATE;

-- ----------------------------
-- Foreign Keys structure for table FABRIC
-- ----------------------------
ALTER TABLE "UU8"."FABRIC" ADD CONSTRAINT "SYS_C0011746" FOREIGN KEY ("COLOR_ID") REFERENCES "UU8"."CATALOG" ("COLOR_ID") ON DELETE CASCADE NOT DEFERRABLE INITIALLY IMMEDIATE NORELY VALIDATE;

-- ----------------------------
-- Foreign Keys structure for table SUPPLY
-- ----------------------------
ALTER TABLE "UU8"."SUPPLY" ADD CONSTRAINT "SYS_C0011760" FOREIGN KEY ("FABRIC_ID") REFERENCES "UU8"."FABRIC" ("FABRIC_ID") ON DELETE CASCADE NOT DEFERRABLE INITIALLY IMMEDIATE NORELY VALIDATE;
ALTER TABLE "UU8"."SUPPLY" ADD CONSTRAINT "SYS_C0011761" FOREIGN KEY ("MAT_ID") REFERENCES "UU8"."INVENTORY" ("MAT_ID") ON DELETE CASCADE NOT DEFERRABLE INITIALLY IMMEDIATE NORELY VALIDATE;

-- ----------------------------
-- Foreign Keys structure for table USERS
-- ----------------------------
ALTER TABLE "UU8"."USERS" ADD CONSTRAINT "SYS_C0011738" FOREIGN KEY ("EMPLOYEE_ID") REFERENCES "UU8"."EMPLOYEES" ("ID") ON DELETE CASCADE NOT DEFERRABLE INITIALLY IMMEDIATE NORELY VALIDATE;
